id,gRNA.sequence,Gene
RPS19-10,TTGACGGTATCCACCCATTC,RPS19
NUP93-4,CAGTACACGGCCCGCTTGTA,NUP93
PSMD11-2,AGAAGGGTCGTACATACTTC,PSMD11
RPS3A-3,CTTACTGGTTCCTTGGGTCC,RPS3A
PSMB3-3,ATGGGTGACCGGCTGTACAT,PSMB3
POLR2A-5,GAGGGCAAGCGGATTCCATT,POLR2A
RPS8-8,GCTCGCACCCACCTTGGTGT,RPS8
RPL36-3,CATGGCGCGCCGCTCGTACG,RPL36
RPS13-4,CCAGCGCGCTACTTACAGTG,RPS13
RPS11-2,AGATGGCGGACATTCAGGTG,RPS11
NUP93-7,GCTCCGGCTGCATTACCGTA,NUP93
PSMC1-10,TTAGGTGCATGCCGTGATAG,PSMC1
RPS9-10,TTCTCCCCACCAGGCGAGTA,RPS9
COPB1-3,CGAGGAGCATTATGGATCCT,COPB1
PSMC1-6,GAAGCCATGTCATTACCCAG,PSMC1
PSMC1-9,TGTTAGGTGCATGCCGTGAT,PSMC1
RPL5-6,GAATAGCTTCTCAATAGGTT,RPL5
RPL11-2,CGGATGCGAAGTTCCCGCAT,RPL11
PSMB2-1,ACCGATGAGGTACTCCATGG,PSMB2
RPS11-10,TCTGGGCTTCAAGACACCCA,RPS11
PSMB2-13,GAGTACCTCATCGGTATCCA,PSMB2
NUP93-1,ACAGTACACGGCCCGCTTGT,NUP93
COPZ1-18,TTCCCAACAGCTGATGCTTA,COPZ1
RPS8-7,CCACCTTGGTGTTGGCAGCT,RPS8
PSMC1-8,GTTAGGTGCATGCCGTGATA,PSMC1
PSMD6-7,CCTCGACTGGCAGATAGACG,PSMD6
COPA-8,TCGGATGGTCTGATCATCGG,COPA
RPL18A-6,TACCGTGCCCGAGGCCTTCA,RPL18A
RPL5-5,CTGTTCCGCAGGATGGTGAG,RPL5
POLR2F-2,ATGGTGTGGTGATTCGCTTC,POLR2F
PSMB3-9,TGACCGGCTGTACATCGGTC,PSMB3
POLR2D-9,TCCGCGGGCTGGCGACGTAG,POLR2D
PSMB2-2,AGGCGACAAGAACATAGTCG,PSMB2
PSMA3-6,GATGAGCTCAATCGGCACTG,PSMA3
RPL34-1,AGCGTTTGACATACCGACGT,RPL34
PSMB2-10,CGGGGCCTTGGATACCGATG,PSMB2
RPS24-7,CTTTCTAGTGCGGATAGTTA,RPS24
NUP93-2,ACATCGAGATGGCCTATGCG,NUP93
PSMC4-5,CCCCGAGGCGTCCTCATGTA,PSMC4
RPL27-10,TGGCAGCTGTCACTTTGCGG,RPL27
RPL36-1,CACGGCCATAGGGTAGCGTA,RPL36
RPL9-3,AGCTCCGGGTTGACAAATGG,RPL9
RPS19-2,ATGGGTGGATACCGTCAAGC,RPS19
PSMC2-14,TGTCTCTATCACAGCCAGAG,PSMC2
NUP54-18,TAGGGGGATCACTCACCCGC,NUP54
PSMB2-12,GAGGCGACAAGAACATAGTC,PSMB2
COPS4-9,GCCGCTCGAATTCATGAGCT,COPS4
RPS11-1,AACTCCCGCACTTACCAGAG,RPS11
POLR2F-1,AATGTCGAGATCCTCCCCTC,POLR2F
NUP133-7,GAGAAGGATCTATCCGCTAT,NUP133
RPL11-8,TGGCCCCTCGAACTGTGCAG,RPL11
PSMB2-3,AGGGCCAGCGCTGTATTACA,PSMB2
RPL35A-5,GTGTCTTAGGCTGTGGTCCA,RPL35A
RPS13-9,TCCCAGCGCGCTACTTACAG,RPS13
PSMD6-18,TGCCGTGCGCGACGAGCTGA,PSMD6
PSMD6-4,CAATATCCAATCGGTGACCC,PSMD6
RPL35A-4,GCGGGGTCTCCGGAACCAAA,RPL35A
RPS19-8,TAGAACCAGTTCTCATCGTA,RPS19
POLR2D-2,CAGCCCCGAGCCCAACCTTT,POLR2D
RPS13-8,GTGGGGACGCTGCGTCGATA,RPS13
COPZ1-17,TGTCAAAGCCATCCTGATTC,COPZ1
RPS8-4,ATTCCCCACGTCCAACCTCA,RPS8
RPL35A-1,AGCGGGGTCTCCGGAACCAA,RPL35A
PSMD11-5,GACCTTTACCGATGGAGTGG,PSMD11
RPL18A-8,TGAAGGCCTCGGGCACGGTA,RPL18A
PSMD11-9,GTTACCCGACTGCATGTCCA,PSMD11
POLR2A-2,CACTCTGGCCGTGCATAGCG,POLR2A
POLR2D-4,GCGGGCTGGCGACGTAGAGG,POLR2D
COPS4-6,CTGGGCCAAATCCTGTCGCA,COPS4
RPL34-5,TACGTCGGTATGTCAAACGC,RPL34
RPL11-7,TCCCTGTTGCAGCAGGATCA,RPL11
NUP54-19,TGCCCTCTACATTTACAGTA,NUP54
RPL9-7,TACAGCTCCGGGTTGACAAA,RPL9
RPL3-11,TGTCTGTACATACTGGATCC,RPL3
RPS3A-1,AAGCTACTTACTGGTTCCTT,RPS3A
RPS24-5,CCCAGGGAGACTCACCATGA,RPS24
COPZ1-11,GCTTTGACAGTATACAGGGA,COPZ1
RPL30-8,TCTTCGATTACCTCAAAGCT,RPL30
POLA1-3,ATCACAGATCATTCGACCAC,POLA1
RPL36-5,CCACGGCCATAGGGTAGCGT,RPL36
RPS19-3,CAACCCCAGCGCCACCCCGG,RPS19
RPL18A-7,TCCCGAAGTTCTTCACCCGC,RPL18A
RPL11-9,TGTCCACTGCACAGTTCGAG,RPL11
COPB1-6,GCCAGCTATTCGTGCATGTT,COPB1
NUP93-10,TAGTAAATTAGCGCCCACAC,NUP93
RPL9-6,CTAGTCGACATTACTCTGAA,RPL9
PSMC1-4,ATTACCCAGTGGCAGTTTGC,PSMC1
RPS13-2,AGTGGGGACGCTGCGTCGAT,RPS13
RPS9-8,TCTCCCCACCAGGCGAGTAT,RPS9
NUP98-12,TAGGGTCTGACATCGGATTC,NUP98
COPS2-4,CCTGGCACGACTGATGTAAC,COPS2
COPS4-4,ATGTCAGTCTCGTGATCTCG,COPS4
PSMC2-2,ACCAAAGAGCAGCACGCCCT,PSMC2
RPS8-5,CAGGCATCTCTCGGGACAAC,RPS8
COPS4-7,GATTGCTAGGCTATATCTGG,COPS4
RPL6-2,GTGGTCCTCTTCCCTTACCT,RPL6
POLR2F-9,GCCTGCGGTCGCTCCCCAGA,POLR2F
RPS9-4,CAGGCAACGCCCTGCTGCGG,RPS9
RPS13-7,GTAATCCTGAGAGATTCACA,RPS13
RPS13-6,CTTGATGCCCCGAGCTCACC,RPS13
PSMD7-5,GCACACCAACAACACGCTTC,PSMD7
PSMC2-11,TCTTCCGCTGATCGGCACCG,PSMC2
PSMC4-2,ATGTCCGCGTACATCACATC,PSMC4
PSMC4-3,CATACATGAGGACGCCTCGG,PSMC4
PSMB2-5,ATGTTCTTGTCGCCTCCGAC,PSMB2
PSMB2-18,TAGTCCATGTAATACAGCGC,PSMB2
POLA1-5,GCCTACAGGCGATGATGTAC,POLA1
PSMD6-1,AATATCCAATCGGTGACCCA,PSMD6
RPL30-1,AAAGTGGGAAGTACGTCCTG,RPL30
PSMB2-4,ATAGCCGTGGGCTGCAAAAG,PSMB2
POLR2F-3,CACGCGGGCTCGCTCGTACT,POLR2F
PSMD7-7,GTGTGGTGGATCATTTCAAC,PSMD7
PSMC2-7,CGATCAGCGGAAGACCAAAG,PSMC2
RPL27-2,CACGATGACAGCTTTGCGTC,RPL27
POLR2F-5,CCTGCGGTCGCTCCCCAGAG,POLR2F
RPS13-5,CCCAGCGCGCTACTTACAGT,RPS13
RPS9-2,CACCAGGCGAGTATGGGCTC,RPS9
COPB1-1,ATAACCAGAAACCATGACGG,COPB1
RPL34-7,TTACCCCTCGAAGTCTGCCT,RPL34
POLR2D-1,AGCTCATCTTTCCTAAAGGT,POLR2D
COPS2-9,TGTGACTGCACTCCGAATAT,COPS2
NUP133-6,CGGTTGATACCTGAGAGCTC,NUP133
RPL35A-6,TAAAAGGAACTATGTCTGGA,RPL35A
PSMB2-15,GGTCGAGGATACTGAGAGTC,PSMB2
PSMD7-1,ACTGAAATGTACGCTTCTGT,PSMD7
COPS8-10,GGAATAATGCAAGATATCTT,COPS8
PSMD6-5,CAGCTGCGCGATACGCAAGT,PSMD6
COPS6-8,TATGGACGTGGATGTCCGAG,COPS6
NUP98-2,ACAACCAGTGGCGGGCTCTT,NUP98
RPS3A-4,TAAGCTACTTACTGGTTCCT,RPS3A
COPS4-1,AATGCAGCCCAAGTGTTGGT,COPS4
PSMB2-6,ATTACTCCTGTGTGTTGGAG,PSMB2
RPL5-2,ATACCCTGCGGGCCAGCAGC,RPL5
PSMD7-2,AGCGGGGTGTGTCGCGATGC,PSMD7
RPL18A-4,CTTTCAGCTACGAGAGTACA,RPL18A
PSMD6-12,GCTGCGCGATACGCAAGTCG,PSMD6
NUP205-5,CGCCCAGGCAAGTCTAACAG,NUP205
POLA1-4,CGACCTATCTTGGACCAGTG,POLA1
PSMB2-23,TGTGAAGTTAGCTGCTGCCG,PSMB2
COPB1-5,GATGGTGGTTCTGAATCCAT,COPB1
RPS11-7,GAGGTTCCCCGCACCTCCTT,RPS11
PSMA3-11,TTTAGCACGATGAGCTCAAT,PSMA3
NUP54-11,GCCCTCTACATTTACAGTAA,NUP54
RPS19-5,CGGCACCTGTACCTCCGGGG,RPS19
RPS19-7,TACCCCCAGCTTCCACAGCG,RPS19
POLR2A-7,GTTGGACAGCAGAACGTCGA,POLR2A
NUP98-14,TTGGCCGGACTCTAGTGGCA,NUP98
POLR2A-1,ACTTCAAGAACTAGTGCGCA,POLR2A
COPS4-2,AGACTTACTTGAAGATTGCT,COPS4
RPL5-3,ATCATCTTGTACATACCCTG,RPL5
RPL3-4,CGTGCGGGAAGTCGACAGGC,RPL3
PSMC2-3,AGGGTCAGAGCACTTACTCT,PSMC2
NUP205-1,AAGACTCACCTGGCGTTGAG,NUP205
RPS9-7,TCCCAGGCAACGCCCTGCTG,RPS9
PSMC4-6,CTTGAGCAGCTCCCGATCGA,PSMC4
RPL11-10,TTCATTTCTCCGGATGCCAA,RPL11
COPZ1-4,ATCCTGATTCTGGACAATGA,COPZ1
RPS19-6,GACTTTCTCCCTCAGATGCC,RPS19
COPB1-2,CCGAGGAGCATTATGGATCC,COPB1
NUP205-2,ACGCCTTTGGCGGTAAATTC,NUP205
RPL11-5,GCGGATGCGAAGTTCCCGCA,RPL11
NUP98-1,AAGGGCGTAGTCTGGCTTGC,NUP98
COPZ1-12,GGTGAAATTGCCCTCTTGGA,COPZ1
COPB1-7,GGATTTACCGAGGAGCATTA,COPB1
RPL9-9,TCTAGTCGACATTACTCTGA,RPL9
RPL36-10,TCCATGGCGCGCCGCTCGTA,RPL36
PSMD7-8,TAGACACCACTTACGGAATT,PSMD7
COPS8-4,AGACCACTGGTGAGCGTTGA,COPS8
COPS8-12,GGTCAGTAGGACAAAGAATC,COPS8
NUP133-2,AGCGAGCTACGCCGGCCGAC,NUP133
POLA1-7,TCCACCACCGCTTGTCGTGA,POLA1
RPL34-3,CTTACCCCTCGAAGTCTGCC,RPL34
COPS6-5,GATCCGCATGCGCTCCCAGG,COPS6
POLR2D-7,GGTGGCAGCGATCCGCGGGC,POLR2D
RPL11-1,ACTCACCTTTGGAAAACACA,RPL11
COPZ1-2,ACCAGGTGAAATTGCCCTCT,COPZ1
PSMA3-3,CGATGAGCTCAATCGGCACT,PSMA3
COPA-9,TGAGGATCAACTCTTGGCGA,COPA
PSMD6-19,TGTGGCCCTGGGTCACCGAT,PSMD6
PSMD7-4,ATGTGAAGCCGAAGGACCTA,PSMD7
RPL30-7,TCCAACTCGTTATGAAAAGT,RPL30
COPA-2,AGACAGGGAGTGTCGTCCCC,COPA
PSMC4-4,CATCCTGAGCACCATCGATC,PSMC4
PSMB2-21,TCTTGTCGCCTCCGACCGGG,PSMB2
NUP133-1,ACCCGGGGTCCGCGGAGAAG,NUP133
RPS8-10,TCCACATGCAGGCATCTCTC,RPS8
PSMC1-1,ACCTCACCTTGTGGTTGAGC,PSMC1
RPL36-6,CCATGGCGCGCCGCTCGTAC,RPL36
PSMC2-13,TGATCGGCACCGAGGTAATC,PSMC2
POLR2F-6,CGACGACTTTGATGATGTGG,POLR2F
PSMD6-10,CGCGATGCCGCTGGAGAACC,PSMD6
RPL3-9,TGAGATGATCGACGTCATCG,RPL3
COPS2-6,TAGTAACTCCGAGCCAAATG,COPS2
PSMB2-14,GCTGGCGGCCACCCGGTCGG,PSMB2
PSMD1-2,ACTAATACGGGTACTGTTCC,PSMD1
RPS11-3,CCGATGTTCTTGTAGTACCG,RPS11
POLR2D-8,TCACAGCTCATCTTTCCTAA,POLR2D
RPL35A-2,CTGGCTATAAGCGGGGTCTC,RPL35A
PSMD6-8,CGAAATTCGCGATGCAATGA,PSMD6
RPS13-10,TTGATGCCCCGAGCTCACCC,RPS13
RPL30-4,CTCACTCACCGTCTTCTTTG,RPL30
PSMC2-1,AAGGACGACAAGCCCATCCG,PSMC2
POLR2D-3,CGGCGGGTGGCAGCGATCCG,POLR2D
RPS9-3,CACCTTCGAACAGACGCCGT,RPS9
COPS6-2,ATCCGCATGCGCTCCCAGGA,COPS6
RPL18A-1,AGGCCTCGGGCACGGTAAGG,RPL18A
PSMC2-9,GTCGTCCTTCTCATCCTCTT,PSMC2
COPA-1,ACCAAGAGCGCGCGGGTCAA,COPA
RPL18A-2,CGCCATGAAGGCCTCGGGCA,RPL18A
RPS7-3,CTTTAGGAAATTGAAGTTGG,RPS7
PSMD1-18,TGTGATCATCTAGACATCGC,PSMD1
COPB1-8,TACGTTCTCAGCCGCCGTCA,COPB1
NUP98-6,GAGTCCTCCACTGCTAGTAC,NUP98
COPA-6,TATCCCAAACGCGCACAGTC,COPA
NUP205-7,CTTCAGACTCCGACTATCAT,NUP205
PSMC2-4,ATAGTTTCTTACCTGCATCA,PSMC2
PSMD7-9,TAGCAAGATGACTTACATCA,PSMD7
PSMD6-14,GTATTCTATCTCCTTAGGAT,PSMD6
NUP98-7,GCTGAAGAGTCCTGTTGCGC,NUP98
COPA-4,CTAGGACCCAGAAACGATCA,COPA
POLR2D-6,GGCGGGTGGCAGCGATCCGC,POLR2D
NUP54-15,GGTCTCCTGCTTTCGCGACA,NUP54
PSMB3-6,CTATTATGTCCTATAACGGA,PSMB3
PSMD1-9,CGGAACAGTACCCGTATTAG,PSMD1
RPS8-6,CAGGTTGTACTCGTAAAACA,RPS8
RPL9-2,ACTGTCGACATTCCAGAAAA,RPL9
PSMC4-7,GATGTGATGTACGCGGACAT,PSMC4
COPA-10,TGGACCAGACTGTGCGCGTT,COPA
PSMD6-3,ATACGCAAGTCGGGGTTCTT,PSMD6
RPS27-1,ACCTGGACCAAAGCACTCAC,RPS27
POLA1-1,AAAGCCATCACGACAAGCGG,POLA1
PSMD11-8,GTTAAGGCAGCTCGGGCTTT,PSMD11
RPL34-4,CTTTCTAGGTCCCGAACCCC,RPL34
POLR2A-3,CAGCTGCGCTACGGCGAAGA,POLR2A
RPL27-1,ACGCAAAGCTGTCATCGTGA,RPL27
COPA-7,TCACCGAATGCATCCGATCT,COPA
NUP133-3,CAGGTATCAACCGAATTAGT,NUP133
PSMA3-1,ACGATGAGCTCAATCGGCAC,PSMA3
RPL11-3,CTGTCCACTGCACAGTTCGA,RPL11
NUP54-8,CGGTACCGCTGCAGCCACCG,NUP54
PSMD11-3,AGTCTCTACTCAGCACCGAC,PSMD11
NUP205-8,GACTTATAAAGTTCTTACGC,NUP205
PSMD1-19,TTACGATGCCTTCCAATCTC,PSMD1
NUP98-5,GACATCGGATTCCGGAAGAG,NUP98
PSMD6-13,GGCTATTCGTGATTTCAAAC,PSMD6
PSMB2-16,GTGAAGTTAGCTGCTGCCGT,PSMB2
COPS4-8,GCCCAGCTCATGAATTCGAG,COPS4
COPS6-6,GCAGGAGGGCCGAAATATCG,COPS6
PSMB2-20,TCGGTGTGTAGTATCGGTCG,PSMB2
PSMD6-17,TGAAGATGAGTTGAAGCGTT,PSMD6
PSMB3-1,ACACCGCAATCATGGTGAGA,PSMB3
PSMD6-9,CGCCATCAGCTCGTCGCGCA,PSMD6
RPL36-2,CAGGCACAGCCGACGCCGCG,RPL36
POLR2A-4,GACTTCAAGAACTAGTGCGC,POLR2A
PSMD11-6,GGCGACCTTTACCGATGGAG,PSMD11
POLR2A-10,TTCAAGTCTATGGTCGTGTC,POLR2A
RPL36-7,CCCGTCGCTGTCCGCAGCCA,RPL36
RPS19-9,TGTAAAAGACGTGAACCAGC,RPS19
PSMD1-8,CCTTAGATCGTTAGACACGG,PSMD1
COPS6-7,TAATCTTCTCTTCCACGGTG,COPS6
PSMB2-9,CCATAGCCGTGGGCTGCAAA,PSMB2
COPB1-4,GATCCTCGAATAAATTCATT,COPB1
NUP93-8,GGGCCCTACGGTAATGCAGC,NUP93
RPS8-2,AGCGACACTCACCCATCGCT,RPS8
RPS7-1,CCCTCTCACCTGGGAGATGC,RPS7
POLR2F-8,CGCTCGTACTTGGTCATGTA,POLR2F
PSMD6-6,CCAGCGGCATCGCGGCGAAG,PSMD6
NUP93-11,TCGATTAACTACCTGTGAAG,NUP93
PSMD7-10,TCATTCAGAATCGGCAAGGT,PSMD7
PSMA3-2,ACTTGAAAAACTCTTCCGTC,PSMA3
RPS3A-2,CGCGACTTACACTTTCTTCT,RPS3A
RPL18A-3,CGCCCGCCTTACCGTGCCCG,RPL18A
PSMA3-10,TCAAGTTGAATATGCTATGA,PSMA3
RPS3A-5,TGGTCAGAGAGCCAAAAGGG,RPS3A
RPS27-3,GAACATGCCTGTGAGTGCTT,RPS27
COPS2-3,CCCGGCCAAGATGTCTGACA,COPS2
COPB1-10,TCCAAACATGCACGAATAGC,COPB1
RPL5-8,GGCATCCACTCACCATCCTG,RPL5
PSMC2-12,TCTTTCAGCTCTGGATGAGG,PSMC2
COPS4-3,AGCCGCTCGAATTCATGAGC,COPS4
PSMD11-1,AACTTTCTTACGCCAAGCTT,PSMD11
NUP93-9,GTGTTAGGGTACGGGAACGC,NUP93
COPS4-10,GGCTCTCATAAAGATCTGGC,COPS4
PSMD1-7,CACTAATACGGGTACTGTTC,PSMD1
PSMD11-4,CCCAGTGAAGCGTGACATTC,PSMD11
PSMD6-16,TCGCGATGCAATGATGGCAA,PSMD6
NUP133-5,CCCCGGGTACCGGGTCCCGA,NUP133
RPL3-10,TGCAGAGGTGAACAAGAAGG,RPL3
COPS8-2,AACATACTTACATGTCATTA,COPS8
RPS27-5,TGTGCGTAGGTCGTCACCGC,RPS27
RPS13-1,AAACACTCACCGATCTGTGA,RPS13
RPL30-5,CTCTTCGATTACCTCAAAGC,RPL30
NUP93-6,CTTATCATCGAGCTCTGCGA,NUP93
COPS6-1,ACGTGGATGTCCGAGGGGTC,COPS6
COPZ1-3,ATCATTGTCCAGAATCAGGA,COPZ1
COPS2-10,TTTCATGTGCGATGATGAGG,COPS2
RPL11-4,CTTCCTGCTCTCCATCATGG,RPL11
RPL3-2,CCTCTACCGGCGGGATTTGA,RPL3
PSMD11-10,TGTGTTTAGAGTGCATCGAA,PSMD11
PSMC4-9,GCTCCCGATCGATGGTGCTC,PSMC4
NUP98-8,GCTGTCGTAGTATTAAATCC,NUP98
NUP205-10,TCTTCAGACTCCGACTATCA,NUP205
RPL36-9,CGGACAGCGACGGGGAGAAG,RPL36
RPS19-4,CAGTAACTCCAGGCATCTGA,RPS19
POLA1-2,ACTTGTATAATGGTAGGTCG,POLA1
POLA1-8,TCGCTTCAGTCGACCTATCT,POLA1
COPS6-10,TTATGGACGTGGATGTCCGA,COPS6
NUP54-4,CAACAATAATATTCCGCCAG,NUP54
POLR2A-8,TGACCTAAGATTCAAGCGAA,POLR2A
RPL6-1,GTAGGTTGAAAAGAAAAAGA,RPL6
NUP54-20,TGGGCATATAGCGTTGTAGC,NUP54
NUP205-9,GATCCTTCCGAAGGTGTTCG,NUP205
PSMB2-19,TCAGGAAGGCACCATAGCCG,PSMB2
RPS13-3,CAACACCATGTGAATCTCTC,RPS13
PSMC1-7,GCAAGATGGTGAGTGACTAA,PSMC1
COPS8-9,GCCGGCCGCGAAGATGCCAG,COPS8
NUP205-4,CAAAGGCGTCGCCATCTTAG,NUP205
POLR2F-10,GGAGGATCTCGACATTCTCC,POLR2F
NUP133-8,TACCCGGGGTCCGCGGAGAA,NUP133
NUP98-3,CCATCTGCAAGGGCGTAGTC,NUP98
PSMB3-7,CTCACCGTTTCTCATACAAG,PSMB3
RPL27-8,TCCTTGCTCTCTGCAGAAAT,RPL27
RPL5-4,CCATCCTGCGGAACAGAGAC,RPL5
RPL18A-5,GGCCTCGGGCACGGTAAGGC,RPL18A
NUP98-13,TGTCGTAGTATTAAATCCAG,NUP98
PSMB3-5,CCGTTTCTCATACAAGAGGT,PSMB3
NUP98-16,TTTGGGTTTGGTACGTCAAC,NUP98
COPS6-4,CTTATGGACGTGGATGTCCG,COPS6
PSMD6-11,CTCCAGCGGCATCGCGGCGA,PSMD6
NUP98-4,CCTTCAGGAACTTCGTTTAG,NUP98
PSMC4-1,ATCGGCATCGATCCCCCCCG,PSMC4
RPS7-6,TAGGAAATTGAAGTTGGTGG,RPS7
PSMB2-17,TAACTTCACACGCCGAAACC,PSMB2
POLR2A-9,TGGAAGGCTTAAGCGTAGCC,POLR2A
PSMC4-8,GCGAATCCAAAGCATCCCGC,PSMC4
COPS2-5,GGAATTCTATGAAACAACAC,COPS2
PSMC1-5,CTCCAGGGTCAAAGTCAGAG,PSMC1
RPL3-8,TAAGGCCGACCGGCCTCTAC,RPL3
RPS11-9,TCGGCCCCCGCTCCTAGGCG,RPS11
PSMB2-22,TGGCTGACTGTCTTCGGAGT,PSMB2
RPS24-10,GCCATCATGGTGAGTCTCCC,RPS24
PSMD11-7,GTCGATGGAGGCCTCCCGGT,PSMD11
COPZ1-5,ATGACCTACTGTCAGTCCGA,COPZ1
PSMC4-10,GGGTCGAATGTACCTTGTAG,PSMC4
PSMD6-15,TCCAGCGGCATCGCGGCGAA,PSMD6
PSMD1-13,GCGAGCCGACGGGCGAGTGA,PSMD1
COPA-3,CCGTTTGGGTCGCTCGAAAT,COPA
RPL3-6,GCCGACCGGCCTCTACCGGC,RPL3
RPS24-6,CTGAAGATAGATCGCCATCA,RPS24
COPS8-6,CTCCCACAATAGATGCAACA,COPS8
RPS24-4,CCATCATGGTGAGTCTCCCT,RPS24
LYZL6-6,CGCCTTTGTCATCCTTGGAG,LYZL6
PSMD1-21,TTTCCTTAGATCGTTAGACA,PSMD1
COPS8-15,TGGCTGTCCGGACGGTGCAG,COPS8
RPL3-7,GGCCGACCGGCCTCTACCGG,RPL3
NUP98-10,GGGCAGACCAATACTGGATT,NUP98
COPZ1-14,GTTGAAAATGTTCTTCTCAA,COPZ1
RPS24-8,GATCTATCTTCAGACAGCCA,RPS24
RPL9-10,TTCTGAAACACAAACACTGG,RPL9
RPL3-1,CCATCAAATCCCGCCGGTAG,RPL3
RPL27-7,GTCCGGAGTAGCGTCCAGCC,RPL27
RPL3-3,CGTGATGGTATGTGTTGTAA,RPL3
RPL34-6,TGTTACTCTATTCTTAATTT,RPL34
NUP98-9,GGGAACAACCAACCTAAGAT,NUP98
COPS8-14,TGCAGGCAAATTCTGAACTT,COPS8
RPS3A-6,TTTGTAGAAATTGCATCTGA,RPS3A
PSMC2-5,CAGCTACTTACATGAAGTAA,PSMC2
RPS27-2,CTGTCCCTCTTAGCTCGCAA,RPS27
PSMD7-3,ATGACAAAGACGATTCTGTA,PSMD7
RPS9-6,GCACCTTCGAACAGACGCCG,RPS9
RPL11-6,TCACCGCCATGATGGAGAGC,RPL11
RPS8-3,AGTGTCGCTCTGCATTGAGG,RPS8
NUP133-10,TGCTCTTCTCGCCGGTCGGC,NUP133
RPL5-1,AGGATGGTGAGTGGATGCCT,RPL5
POLR2D-5,GCTTCCGGCGGCGCTGGTGG,POLR2D
RPS27-4,GCCTGTGAGTGCTTTGGTCC,RPS27
NUP98-11,TAATACTACGACAGCCACTT,NUP98
COPZ1-15,TCCACGTCGGCACCAGCTGC,COPZ1
NUP54-10,GAAGGCCATGTCGCGAAAGC,NUP54
RPS24-13,TACGCGGCAGATGACTGCAC,RPS24
RPS11-4,CGGACATTCAGGTGCGGACT,RPS11
PSMD1-16,TGCGCCCCTCACTCGCCCGT,PSMD1
PSMD7-6,GGAAACCAGAAGCGTGTTGT,PSMD7
COPZ1-7,CCCCGCAGCTGGTGCCGACG,COPZ1
NUP54-16,GTTGTTGAGCGTTCGCCAAA,NUP54
COPS6-3,CGGCGGCTGCAGCTACGAAC,COPS6
COPS8-1,AAAGGGTTACCTCGAGCTCC,COPS8
NUP205-3,AGTCGCCATTCAGGGTCAAC,NUP205
PSMC1-3,AGTCACTCACCATCTTGCCT,PSMC1
NUP54-9,CGTCGCAGGAGTAACCTACT,NUP54
RPL36-4,CATGGCTGCGGACAGCGACG,RPL36
POLA1-9,TGGCGCGGAATCGGGAGATT,POLA1
COPS8-16,TTGCAGGCAAATTCTGAACT,COPS8
NUP205-6,CTCTAAGATGGCGACGCCTT,NUP205
POLR2F-7,CGACTTTGATGATGTGGAGG,POLR2F
RPS11-6,GACATTCAGGTGCGGACTCG,RPS11
COPZ1-9,CTCCACGTCGGCACCAGCTG,COPZ1
CRYGB-8,GACAGAGCCACACTCACCGG,CRYGB
LYZL6-2,AGCGCCTTTGTCATCCTTGG,LYZL6
RPS7-4,CTTTCTCCTGGGAGAACTGA,RPS7
RPS8-1,ACTCACCCATCGCTCGGCGC,RPS8
PSMB3-10,TGGAATTGCTCTGGCGATCG,PSMB3
RPL3-5,GATGGTATGTGTTGTAATGG,RPL3
MRGPRD-8,GTCTGGTTCATCCCTACGAG,MRGPRD
IL1F10-10,TACATGTAGTATCTTGCCAT,IL1F10
PSMB2-11,CTGGCTATGATGAGCATGAA,PSMB2
POLA1-10,TGGGCTGGTTGGCGCGGAAT,POLA1
POLR2F-4,CAGCGGGGTCGCTGAGGCGA,POLR2F
MRGPRD-10,TTGGTACATCTTCCTCTCGT,MRGPRD
OTUD6A-8,GGCCGGCTTCAAGCGCGAGG,OTUD6A
RPL9-4,ATTCTGAAACACAAACACTG,RPL9
COPS8-5,CAGGCAAATTCTGAACTTGG,COPS8
NUP98-15,TTTGGAAGTAAACCAGCACC,NUP98
RPS24-3,CAGATGACTGCACGGGCCCA,RPS24
RPS19-1,ACAGTAACTCCAGGCATCTG,RPS19
RPL9-5,CATTCTGAAACACAAACACT,RPL9
IL1F10-1,AAGGCTCTATACACAAGAGA,IL1F10
KRT25-2,CTCATCGGGAGGAAACACAG,KRT25
PIWIL3-5,GAGTGATATCTCGTCCTCAG,PIWIL3
TPH2-8,CTAACTCAGAGATCTTCCGA,TPH2
RPS8-9,GTGAGTGTCGCTCTGCATTG,RPS8
RPL30-2,CCGCTCCTAAGGCAGGAAGA,RPL30
RNASE9-4,ATGTTTACTACAAACACCGT,RNASE9
NPSR1-10,TTCCCAAATATGATCAGGGT,NPSR1
PSMA3-5,GAATCCCTACGCGTCCCTTT,PSMA3
PSMD1-14,GGAACGGCGAGCGAGCCGAC,PSMD1
DMRTB1-10,TTGCCCGCGTGTCCCTTGAC,DMRTB1
RPL5-9,GTGAGTGGATGCCTCGGTCT,RPL5
POLR2D-10,TGGTGGCGCGCGGCGCGGCG,POLR2D
RPTN-4,CTCTTAGATCAAGACCGAGA,RPTN
COPS8-13,GTCCGGACGGTGCAGCGGCG,COPS8
HTR3D-5,CACCAGAAAGTTTACCACGT,HTR3D
MRGPRD-9,TGGTACATCTTCCTCTCGTA,MRGPRD
RPL30-9,TGGGGGCCGTCCCGCTCCTA,RPL30
LYZL6-4,CCAAGTCACAGCGACTGATG,LYZL6
RPL27-9,TCTGCAGAGAGCAAGGAGAA,RPL27
DMRTC2-3,AGCTAAAGAAGCACCTGATG,DMRTC2
KRT25-3,GATCACTCAGACTCTATGGT,KRT25
OLIG2-5,CGTACGGCATGACCTCGCGG,OLIG2
IL1F10-3,ATCTGCATACTTCCTAACAG,IL1F10
IL22-2,CACCAACCGCACCTTCATGC,IL22
COPS2-1,ATGTCAGATGGATTTACTGC,COPS2
HTR3D-7,CCAGAAAGTTTACCACGTAG,HTR3D
NUP54-2,ACAACAACGGGAACTAGTAC,NUP54
LYZL6-8,GCGCCTTTGTCATCCTTGGA,LYZL6
IL1F10-4,CACAAGAGATGGCCAGCTGC,IL1F10
NUP93-5,CGTGTTGTTGACACCGGCAA,NUP93
KRT25-4,GGATCACTCAGACTCTATGG,KRT25
RPS11-8,GGCCGCCTGAAAAAAAGAAA,RPS11
OR9Q2-8,TCATAACCGAGAAGGCCCGC,OR9Q2
RXFP2-6,ATTTCACAGCGCTTGTTTAC,RXFP2
LUZP4-1,AGCATACTTTACCTCTCCGA,LUZP4
KRT74-7,GTTCAGTTGCCGACTCATGG,KRT74
POLA1-6,GGCGCGGAATCGGGAGATTC,POLA1
OC90-1,ATATCATTACTCACCGGCAT,OC90
NPHS2-5,GCTGAATCCGTACCTTCCTC,NPHS2
IL1F10-7,GACCAGACACCACTGATTGC,IL1F10
COPS2-8,TGTCAGACATCTTGGCCGGG,COPS2
NPHS2-2,AGAGTAATTATATTCCGACT,NPHS2
MRGPRD-2,ATAGTTTAGGGCTGACTCCA,MRGPRD
OC90-6,GCACCGCAGGTGCTATGAGG,OC90
NUP93-3,CACACTCACTTGCCGCGCAT,NUP93
FCRL4-10,TGGTATCATCGGCACTACTG,FCRL4
IL1F10-6,CATACTTCCTAACAGAGGCT,IL1F10
PSMB3-2,ATCCTAGTACACCGCAATCA,PSMB3
PIWIL3-9,TCACCTATATAGACTACTAC,PIWIL3
KRT74-10,TTCAGTTGCCGACTCATGGT,KRT74
RPL30-3,CGCAAAGAAGACGGTGAGTG,RPL30
OTUD6A-10,TGCGCCGCCACCAACGCGAG,OTUD6A
COPS6-9,TGCATACCTGCTTATGGACG,COPS6
OR9Q2-6,GCTGGCACACGGCCGTGTAG,OR9Q2
DMRTC2-1,AAAGGGAACCACTCAGCCAC,DMRTC2
LHX5-3,CGAGTGCAAAACCAACCTCT,LHX5
FAM71B-9,TGCGTTCAAAACCTCCATGG,FAM71B
LYZL6-5,CCTCATCAGTCGCTGTGACT,LYZL6
DMRTB1-1,AGGTGGTGGTTGTGTTACGA,DMRTB1
LYZL6-7,CTCCCCTCCAAGGATGACAA,LYZL6
HTR3D-3,ATACTAGCCATGAGACCTGC,HTR3D
CYP7A1-6,GGCACGAGAACCTCCAAAAG,CYP7A1
DMRTB1-8,GTCTCCGGAGGGAGTCCCCG,DMRTB1
IL1F10-9,GTAGTATCTTGCCATGGGGA,IL1F10
OC90-8,GGATCGAGCCAAGCACTCTA,OC90
OC90-7,GGATCATCAGCACACTGGTG,OC90
OR9Q2-7,GGCTGTGACCGTTCGAACAA,OR9Q2
RPS24-11,GGGCTTGGAGTGCAAGCATT,RPS24
MRGPRD-1,AAGAGGTCAACCCGTTCATC,MRGPRD
SAGE1-9,TCTGTCATATTAATACGCCG,SAGE1
RNASE9-7,GCAGCTGGTGCAGTTTCAAG,RNASE9
SPATA16-1,ACGAAGATGATTCCGGAAAT,SPATA16
FCRL4-9,TCCAGATTCCCGAACCTCGA,FCRL4
TAAR8-6,CGCCGTGTACAGAATTACCC,TAAR8
SPATA16-3,AGCGCACCCACCTAACATCC,SPATA16
RPTN-9,TCACACTGAGTATGCTATTC,RPTN
COPZ1-8,CGACACCTACCCCAGTGTCA,COPZ1
DMRTB1-4,GAAGATCATGGCCGCGCAGA,DMRTB1
DMRTC2-9,TGAGATGGGCGGTGACACCA,DMRTC2
RPS24-12,GGGGCTTGGAGTGCAAGCAT,RPS24
OR9Q2-4,GCCGACGATCGCCACGGATC,OR9Q2
DMRTC2-7,GGTTCCATGGATCTAGGGGC,DMRTC2
COPS8-11,GGACGGTGCAGCGGCGAGGC,COPS8
OC90-9,GTGCTGATGATCCCCCATGC,OC90
LYZL6-9,GTCACAGCGACTGATGAGGC,LYZL6
PSMA3-4,CTAAACCCAAAGGGACGCGT,PSMA3
MRGPRD-6,GATGTACTTTGCCTACACAG,MRGPRD
RPL35A-7,TTAGAAGTCCCGTTCCCAGC,RPL35A
COPS2-7,TCCATGTCAGACATCTTGGC,COPS2
PSMD1-17,TGGAACGGCGAGCGAGCCGA,PSMD1
CABP5-7,GAGTTCGATAAGGACCGAGA,CABP5
COPS8-8,GCCACTGGCATCTTCGCGGC,COPS8
IL1F10-2,AATTAAATATGCAGACCAGA,IL1F10
PIWIL3-6,GCCATTCAGTTATACCGTCA,PIWIL3
ADH7-8,TACATTTACCGAGTACACAG,ADH7
TGM6-4,ACCGCAAACACAGCAACCGG,TGM6
RNASE9-11,TGTTTACTACAAACACCGTT,RNASE9
LYZL6-3,CAGCTTTCTTGCCCTAAATC,LYZL6
TPH2-3,AGGATTCAGCGTCACAATAG,TPH2
TRIM42-3,AGTGCGAGCGGTCGCACACT,TRIM42
PSMA3-9,TAAACCCAAAGGGACGCGTA,PSMA3
DMRTC2-5,GGGTCTCTGGTCTCATCCCA,DMRTC2
KRT9-1,CAGGATTGGTACGACAAGAA,KRT9
ADH7-1,AACAGCAGCGCCATATCCAG,ADH7
TAS2R13-4,ACTTCAAATAGAGAAAAGCA,TAS2R13
HTR3D-8,CCCCTACGTGGTAAACTTTC,HTR3D
SPATA16-4,GATGATTCCGGAAATAGGCT,SPATA16
RPL9-1,AAACACAAACACTGGGGGTG,RPL9
KRT74-6,GGGCAACTTCAGTGTGCATT,KRT74
CABP5-9,TCAATCAGTTCCATCTCCGT,CABP5
RXFP2-2,AAGACTTACATCAGCTAACT,RXFP2
SPATA16-10,TTACCTGTTATCTACGGATG,SPATA16
KRT9-2,CCTTCTTGTCGTACCAATCC,KRT9
CRYGB-6,CTGCTCACTTCCTTCAAAAT,CRYGB
RPS7-7,TTCTTAGGCTCTTCTGGAGC,RPS7
RPL9-8,TCATTCTGAAACACAAACAC,RPL9
IL22-9,TGTAGCTTACACTGACTCCG,IL22
OTUD6A-3,CCTCCATGCGGGCCACGTCT,OTUD6A
ADH7-4,CCTACTCGCTCCTAATGCAA,ADH7
KRT9-5,GGCCGATTCAGCTCTTCTAG,KRT9
RNASE9-1,AACATACTCTCACAAGAACG,RNASE9
PIWIL3-2,CCCATGACGGTATAACTGAA,PIWIL3
DMRTC2-6,GGTGTCACCGCCCATCTCAA,DMRTC2
RPL30-10,TTCCTGCCTTAGGAGCGGGA,RPL30
PSMC2-10,GTGTAATCATTAAGGAGCGG,PSMC2
CYP7A1-4,CTGGAGGTCTCATGATACGT,CYP7A1
COPS2-2,CCATGTCAGACATCTTGGCC,COPS2
TRIM42-7,CGCCCGTGCAGGTAGTTCTC,TRIM42
NLRP5-9,GCGCCGGACCACGCCTCGAG,NLRP5
DMRTB1-6,GCGGCCTCCGCCCCAAAAGG,DMRTB1
MAGEB3-3,ATAGTAGCCCCCAAAATAAG,MAGEB3
OLIG2-6,CTCGTCGTCTACGTCGTCGG,OLIG2
FAM71B-7,GTACCCCAACACTTCTATCT,FAM71B
VN1R2-3,CAACCCTAGGAACTCCAGGT,VN1R2
ABCG8-8,TACGTGCGGGGGTTGTCGGG,ABCG8
RNASE9-9,GTACTGTAACCATGAAATCA,RNASE9
OR12D2-6,CCGTAGAGTAACAGATATCC,OR12D2
PSMD6-2,AGTAACGACTCGACAAACTA,PSMD6
POU4F2-1,ATGCAGAAATACGCACCGGT,POU4F2
MRGPRD-7,GGTTCAAGTGTCACCGGCCC,MRGPRD
TAS2R13-6,CGATAAACTCCTCATTATCT,TAS2R13
MAGEB3-6,GTGGTGGATAGTGCTCTCTG,MAGEB3
TGM6-11,GAGAAGCACATACGAGCCCA,TGM6
CABP5-5,CTCAATCAGTTCCATCTCCG,CABP5
LUZP4-9,TGTCCAGACTTGAATCCAGA,LUZP4
COPS8-3,AACCTGTTGCTCTTAGCTTT,COPS8
POU4F2-9,TGCAGAAATACGCACCGGTG,POU4F2
TPH2-5,ATACTCTCGGCAAGCATGAG,TPH2
TPH2-4,AGTAAATACTGGGCACGGAG,TPH2
IL22-7,TGCTCCTCCCTGTACCAAGA,IL22
RPL35A-3,CTGGGAACGGGACTTCTAAA,RPL35A
RPS24-2,ATACGCGGCAGATGACTGCA,RPS24
RPTN-10,TCGGTGTGAAAAACCAATTC,RPTN
TAS2R13-1,AAGAGTGAAGATACTCGGCA,TAS2R13
RPL5-7,GAGTGGATGCCTCGGTCTCG,RPL5
ABCG8-9,TGGGCAACATGTACGTGCGG,ABCG8
DMRTB1-7,GGCCATGATCTTCTGGCGCT,DMRTB1
SPATA16-2,ACGCTTGCTATATCTTCAGC,SPATA16
KRT25-5,GTAAGTCATCTCCTCACTCA,KRT25
DEFB129-10,TATCACAGCACTAGAATTCT,DEFB129
CRYGB-1,ACCAGTACTTCCTGCGGCGT,CRYGB
DMRTC2-8,TGACACCATGGTTGCGGCAG,DMRTC2
OR12D2-7,CCTGGATATCTGTTACTCTA,OR12D2
RPL5-10,TGAGTGGATGCCTCGGTCTC,RPL5
RPL34-2,CTTAATTTAGGCACTCAGAA,RPL34
OC90-4,CCCCGCCAAACTTAGCACAG,OC90
CYP7A1-8,TACCATAAGGTGTTGTGCCA,CYP7A1
IL22-3,CGAGTTAGAATTGTCTGCAA,IL22
KRT9-4,GGCCCTCAAGAAGAATCATA,KRT9
DMRTB1-9,TGCGGCCTCCGCCCCAAAAG,DMRTB1
NPSR1-7,GCGATTCACTGGAGACTTCA,NPSR1
IL1F10-8,GCACAGCAGTTGTCTGCAAC,IL1F10
NLRP5-3,CCTCAGCAGACTGCGTATGA,NLRP5
ADH7-2,AATGCTTGTCGCAACCCAGA,ADH7
RPTN-2,CAACTCTTCCTTGCATAGTA,RPTN
RXFP2-7,CCATCACAGTGAAAAGCTCG,RXFP2
HTR3D-1,AGAGCGTTCACCTCTGTCCA,HTR3D
LHX5-6,GAGAAGTGCTTCTCGCGCGA,LHX5
KRT74-9,TGCAGCCTACGCAGTCAAGG,KRT74
KRT25-6,GTCGAAGAGACATGGTATCA,KRT25
FCRL4-6,GCGCACAGGGTTACTTCGTG,FCRL4
ABCG8-10,TGTACGTGCGGGGGTTGTCG,ABCG8
PSMC1-2,AGCGGCAGCTCAAGTGGCCA,PSMC1
OTUD6A-5,GATCCGGAGCTTAAAAAACT,OTUD6A
FCRL4-3,CGAACCTCGAGGGTGTTTCC,FCRL4
KRT25-9,TCATCGGGAGGAAACACAGG,KRT25
DMRTB1-3,CGTGGCGATGCCCAGCCTTG,DMRTB1
KRT77-2,ACGCGGACTGAGAACTAAAT,KRT77
OTUD6A-6,GCAGCTCCTGCCTCTCGCGT,OTUD6A
TPH2-1,ACTTCTTCGCCGAGATTTCC,TPH2
OLIG2-2,CACCTCGTCGTCTACGTCGT,OLIG2
KRT74-4,GATGTTCAGTTGCCGACTCA,KRT74
KRT9-9,TCGTCCTACTTGAGCCGCAG,KRT9
FCRL4-2,CATGGTATCATCGGCACTAC,FCRL4
PSMB2-24,TTCAGCTATCTCACGTGAGA,PSMB2
RNASE9-8,GCTGGTGCAGTTTCAAGAGG,RNASE9
RPS7-8,TTTCTTTAGGAAATTGAAGT,RPS7
DMRTC2-2,AGACACTCACAGGGGACCTG,DMRTC2
SAGE1-7,CGTATTAATATGACAGACAC,SAGE1
NPHS2-9,TACCAAATCCTCCGGCTTAG,NPHS2
RPL27-5,CTGTCACTTTGCGGGGGTAG,RPL27
PIWIL3-10,TTGTAATAGCGTAGGCAATC,PIWIL3
ABCG8-5,CAGTGCGCTGACACCCGCGT,ABCG8
SAGE1-3,AGCTGACAAGACGTTATCAG,SAGE1
RPS7-2,CGTTGCTTCTTAGGCTCTTC,RPS7
TPH2-10,GCCAAGTAGCTGATGCTCTT,TPH2
PLA2G2E-9,GATGAAATCTCCCCACGTGC,PLA2G2E
CYP7A1-10,TTCCGTGGCACAACACCTTA,CYP7A1
FCRL4-1,ATGGTATCATCGGCACTACT,FCRL4
CYP7A1-1,AACACCTTATGGTATGACAA,CYP7A1
TAAR1-3,GCAAAAGGGCATCATTCCTG,TAAR1
RXFP2-10,TCCATGCACTGTGCCAAATA,RXFP2
LUZP4-5,GGACAAATCAGAAGAATCCC,LUZP4
OLIG2-9,TCATCGGGCTCTGGCGACGA,OLIG2
DMRTB1-5,GACACGCGGGCAAATGCCGC,DMRTB1
LHX5-8,GGACAAACTGCGGTCCGTAC,LHX5
LUZP4-7,TAATCTATAAAGAGTTAGAA,LUZP4
KRT9-8,TCCTACTTGAGCCGCAGCGG,KRT9
MRGPRD-3,CACAGTGCACACGGCCTACC,MRGPRD
MAGEB3-9,TGTGCGAGACTGCACAGTGG,MAGEB3
FCRL4-7,GGAGGATGGACGGAAATCAC,FCRL4
OC90-2,ATGGGGGATCATCAGCACAC,OC90
CYP7A1-5,GCACAGAAGCATTGACCCGA,CYP7A1
RNASE9-5,CACTGTCATCAGTGTCCTCC,RNASE9
PIWIL3-1,ACTGAGGACGAGATATCACT,PIWIL3
OR12D2-2,AGAGTAACAGATATCCAGGT,OR12D2
OR9Q2-9,TCCTGATCCGTGGCGATCGT,OR9Q2
PIWIL3-8,GTTCACGTTGTGTACCCGTT,PIWIL3
TAS2R9-2,CTGCTCTTTCCAGGTACATA,TAS2R9
KRT77-3,ACTACATCGGTGACCTGCGG,KRT77
RPTN-5,CTTATTGTGGACAGTCTGAG,RPTN
TAAR1-10,TTTCTGGAGCTAAACTTCAA,TAAR1
CYP7A1-3,AGAAGCATTGACCCGATGGA,CYP7A1
DEFB129-9,GGAAAAAGGAGCTTCATGGT,DEFB129
ADH7-6,GCCCTTGCATGTAAATCTGG,ADH7
DMRTC2-10,TGGTGTCACCGCCCATCTCA,DMRTC2
IL1F10-5,CAGAGGCTTGGCCCGCACCA,IL1F10
MAGEB3-7,TATGTTGGTGCAGTTCCTGA,MAGEB3
TGM6-9,GACAGCGGCATCATCTTCCG,TGM6
VN1R2-1,ACAACTACCTGGAATAGTGT,VN1R2
KRT74-8,TCGGCGTATTTCTTTCAATG,KRT74
MRGPRD-5,CTATCTGGTTCAAGTGTCAC,MRGPRD
OTUD6A-1,CCGCCACCAACGCGAGAGGC,OTUD6A
PSMC2-8,GCTGTGTAATCATTAAGGAG,PSMC2
TRIM42-8,GAGGCCGGTGGTAATCATGT,TRIM42
KRT9-6,TACAGCTACGGCGGAGGATC,KRT9
CABP5-3,AGTTCGATAAGGACCGAGAT,CABP5
HTR3D-2,AGCATGTGATGAAGTGCTAG,HTR3D
LUZP4-10,TTCCGACTGGGATGATTTGG,LUZP4
PSMB2-8,CATGGACTACCTGGCAGCCT,PSMB2
KRT74-2,AGATGCAGCCTACGCAGTCA,KRT74
TAAR1-1,ATAATTCTGACCACACTCGT,TAAR1
NPSR1-5,CTGAGCAATTGATAACTCTG,NPSR1
DEFB129-7,CTGGTACTGTAGCATGAGGC,DEFB129
KRT77-5,CCGCGTTTAGTTCAATGAGC,KRT77
LHX5-1,CAACTCGACCTCGTCGGACA,LHX5
VN1R2-7,TAAAAGAATCCCAGAGACCA,VN1R2
TAAR8-4,ATTGAAACTCCCTATTCTCC,TAAR8
PSMA3-7,GGAATCCCTACGCGTCCCTT,PSMA3
LHX5-5,GACGGACAACTCGACCTCGT,LHX5
TAS2R13-5,CAAGAGTGAAGATACTCGGC,TAS2R13
NPHS2-3,CAACCTTGTGGTAGGTATCC,NPHS2
MAGEB3-1,AAAAGCTTCTTTCAACATGG,MAGEB3
OC90-3,CCATAGTCTTCAAAGTCTCG,OC90
HTR3D-4,ATGAGTGGCGACACTGTAGT,HTR3D
HTR3D-9,GCATGGCAACTGAGAACCTA,HTR3D
OC90-5,CCTCTGTGCTAAGTTTGGCG,OC90
OR9Q2-2,CATAACCGAGAAGGCCCGCT,OR9Q2
PIWIL3-3,CGACGTGGGCGTGAGTTCTT,PIWIL3
RNASE9-3,AGTAATGTTCTGCCACCCAA,RNASE9
TAS2R9-8,TCATGCTTGCGATTCTTCTG,TAS2R9
TRIM42-2,ACTCGATGATGCGGCTGGAT,TRIM42
POU4F2-10,TTGCAGAGCAATATATTCGG,POU4F2
TPH2-6,CCCGAAGAGCATCAGCTACT,TPH2
PLA2G2E-6,CACCAGTCAGTCTGGTCCAC,PLA2G2E
IL22-8,TGGTGGCCAGGGTCCCCATA,IL22
KRT77-8,GTTTAGTTCAATGAGCAGGC,KRT77
KRT74-5,GATTCCCTCCAAGGCTATAG,KRT74
KRT25-1,CAGAACAGCATTAGCATTGC,KRT25
RNASE9-10,GTGGCATTCCAGGTTCAATA,RNASE9
KRT77-1,ACCGATGTAGTTCTCCAAGA,KRT77
LYZL6-1,AAAGGCGCTACTCATCTATT,LYZL6
TAS2R13-3,ACTGATCAACTGCATTGACT,TAS2R13
VN1R2-5,CCAGGATTCCAACAACTACC,VN1R2
CABP5-2,AGCATTTCTTGAGTTCGATA,CABP5
OTUD6A-2,CCGCTTGCCATTCAACATCA,OTUD6A
NLRP5-2,CCAGCACAGCACGATCCTTC,NLRP5
ADH7-3,ATTTACCGAGTACACAGTGG,ADH7
NPHS2-4,CTTGTGGTAGGTATCCAGGC,NPHS2
RPTN-7,GATAGCAGGCTTGGACCAAC,RPTN
LHX5-7,GAGGATGGGCCGCTCGCAAC,LHX5
FCRL4-5,GAACCTCGAGGGTGTTTCCT,FCRL4
OR12D2-1,AACAGATATCCAGGTAGGAC,OR12D2
KRT25-10,TGCCTTCGGAGGCAGCTCAT,KRT25
OTUD6A-9,TGAATCTGTCGTCGAAGACC,OTUD6A
OR9Q2-1,AAGGAAGAACTCCGTCACTA,OR9Q2
PSMB3-8,GGAATTGCTCTGGCGATCGA,PSMB3
IL22-10,TTGGCCCTCTTGGTACAGGG,IL22
RPL27-3,CTCATTTAGAACATTGATGA,RPL27
KRT74-1,AAATACGCCGATTCCCTCCA,KRT74
RPS11-5,CGGCCGCCTGAAAAAAAGAA,RPS11
FCRL4-8,GTCCAGATTCCCGAACCTCG,FCRL4
KRT77-4,CCGATGTAGTTCTCCAAGAG,KRT77
TGM6-10,GACCTAGGCCCCTCTTACAA,TGM6
PIWIL3-4,CGTAGGCAATCTGGCGACGT,PIWIL3
NPHS2-10,TTCCATTCGGTAGTAGCAAA,NPHS2
KRT25-7,TATGGTGGGGGAACCAGCTT,KRT25
DEFB129-6,CTACAGTACCAGGTGAACAC,DEFB129
TAAR1-4,GCAGATCTCACCATACTGTA,TAAR1
CRYGB-2,AGATCACCTTCTACGAGGAC,CRYGB
DEFB129-1,ACAGCACTAGAATTCTTGGC,DEFB129
RPTN-3,CTAGCTTATGATAGCAGGCT,RPTN
LHX5-9,GGAGAAGTGCTTCTCGCGCG,LHX5
OR9Q2-3,GACGATCGCCACGGATCAGG,OR9Q2
LHX5-4,CGCTTTGGCACGAAATGCGC,LHX5
FAM71B-4,CGCACTAGCCGTTCCGTGGG,FAM71B
ADH7-5,CTAATGCAAAGGTTGCCATC,ADH7
PLA2G2E-5,ATAGTCGTTGTACTGCAGGG,PLA2G2E
TGM6-14,TGGCAGGGCAAGTACGGCGG,TGM6
NPHS2-1,AAGAGTAATTATATTCCGAC,NPHS2
PLA2G2E-10,GCCCTGCAGTACAACGACTA,PLA2G2E
OR12D2-10,TGCCATCACGGCGAACAACA,OR12D2
KRT9-10,TGACAACACTCGCATGACAC,KRT9
TGM6-6,CAGCAACAACGACCGAGGTG,TGM6
KRT77-9,TGCCTCGCCTGACAGGTATG,KRT77
PLA2G2E-1,ACCGGGAACCTGGTTCAGTT,PLA2G2E
IL22-6,GGTTGGTGATATAGGGCTGC,IL22
NPHS2-6,GGCCCCTAAGCCGGAGGATT,NPHS2
TAAR8-3,ACGCCGTGTACAGAATTACC,TAAR8
TAAR8-8,GCAAAGCTGCACAACAGGTT,TAAR8
ABCG8-1,AGCCGATGGCTGTGAAATAC,ABCG8
ABCG8-2,AGGATTGCTGTAGCGAGGAC,ABCG8
ABCG8-3,AGGTGGGTTCGTCGAGAATA,ABCG8
ABCG8-4,ATGTACGTGCGGGGGTTGTC,ABCG8
ABCG8-6,CTAGATGTGATCACTGGCCG,ABCG8
ABCG8-7,GCGTGGGCAACATGTACGTG,ABCG8
ADH7-10,TCAAACAGTATTACTGGTCG,ADH7
ADH7-7,GTGTTCATGAAGTGGTGGAC,ADH7
ADH7-9,TATTACTGGTCGTGGAGTAC,ADH7
CABP5-1,AGATGGGTTCATCTCTTGTA,CABP5
CABP5-10,TTGCTGAGAAACAGCGGGTG,CABP5
CABP5-4,CCCTCCATGCAGTTCCCCAT,CABP5
CABP5-6,GACGATGGGTTACATGCCCA,CABP5
CABP5-8,GGGAATCTCATGAGGACGAT,CABP5
COPA-5,GGACCGATTCTTACGACAGC,COPA
COPB1-9,TCAGCCGCCGTCATGGTTTC,COPB1
COPS4-5,CCAGCTCAGCGGTGGATGCG,COPS4
COPS8-7,GCAGGCAAATTCTGAACTTG,COPS8
COPZ1-13,GGTTTACCAGTGGTGATGGG,COPZ1
COPZ1-16,TCTGGTTTACCAGTGGTGAT,COPZ1
COPZ1-6,CCACGTCGGCACCAGCTGCG,COPZ1
CRYGB-10,TGAAATAGGGTTGTAGGTTG,CRYGB
CRYGB-3,AGCGGCTGAAATAGGGTTGT,CRYGB
CRYGB-4,CCAGTACTTCCTGCGGCGTG,CRYGB
CRYGB-5,CTGAAATAGGGTTGTAGGTT,CRYGB
CRYGB-7,GAAAGGTAAGTCCTGGGTAC,CRYGB
CRYGB-9,GCTGAAATAGGGTTGTAGGT,CRYGB
CYP7A1-2,ACCGAGTGATGTTTGAAGCT,CYP7A1
CYP7A1-7,GGCAGCGGTCTTTGAGTTAG,CYP7A1
CYP7A1-9,TACCGAGTGATGTTTGAAGC,CYP7A1
DEFB129-2,CAGATTCAAGGCTTCCTCTC,DEFB129
DEFB129-3,CAGCCTCATGCTACAGTACC,DEFB129
DEFB129-4,CATTTGGTGTTCCATATTGC,DEFB129
DEFB129-5,CCACATTACCTGTGTTCACC,DEFB129
DEFB129-8,GACGCTGTTTAATGGGTTTG,DEFB129
DMRTB1-2,CCCCAAAAGGGGGTCCCGCA,DMRTB1
DMRTC2-4,CGCCTCCTGCTGCCTACGCA,DMRTC2
FAM71B-1,AAGCCGCACTAGCCGTTCCG,FAM71B
FAM71B-10,TGTTGTACAATTGTCGTTGC,FAM71B
FAM71B-2,ACTGCCTGACGTCATGGTTC,FAM71B
FAM71B-3,AGCCGCACTAGCCGTTCCGT,FAM71B
FAM71B-5,CTCCCACGGAACGGCTAGTG,FAM71B
FAM71B-6,GATGGGGCCGGTTTGCCAAG,FAM71B
FAM71B-8,TACGGCCAGTGGCGAGTTTC,FAM71B
FCRL4-4,CTCTCCAGACGGTTGGGAGC,FCRL4
HTR3D-10,GCTTTCAGATGTCTTCATCG,HTR3D
HTR3D-6,CACTTACCTGTGTAGGTGAA,HTR3D
IL22-1,AGCCAGCATGAAGGTGCGGT,IL22
IL22-4,CTGTGAGCTCTTTCCTTATG,IL22
IL22-5,GAAGGTGCGGTTGGTGATAT,IL22
KRT25-8,TCAGTATGAAACCCTGAGTG,KRT25
KRT74-3,CATTCTCTGCTGTCGTGCGC,KRT74
KRT77-10,TTGCTCTTAGGTGCGATTCC,KRT77
KRT77-6,CTGTGTGTTATGCTCGAGGG,KRT77
KRT77-7,GGAGCAGATGCGCCAGAACG,KRT77
KRT9-3,CTGCACCTTATCCAAGTAAG,KRT9
KRT9-7,TAGTTTAGGCGGTGGCTTTG,KRT9
LHX5-10,TGCACTGCGCCGGTTGCGAG,LHX5
LHX5-2,CACATTTGATGTGCCACGCG,LHX5
LUZP4-2,AGTGTGTGGCGCCATGATGC,LUZP4
LUZP4-3,GCGCCATGATGCAGGGAAGA,LUZP4
LUZP4-4,GCGCCCTACCTCGGAGTGTG,LUZP4
LUZP4-6,GTGTGTGGCGCCATGATGCA,LUZP4
LUZP4-8,TGGGATTCTTCTGATTTGTC,LUZP4
LYZL6-10,TGATGAGGCTGGCCTGATTT,LYZL6
MAGEB3-10,TTCAACATGGAGGTGGTATT,MAGEB3
MAGEB3-2,AGCTTCTTTCAACATGGAGG,MAGEB3
MAGEB3-4,ATATTTGTCTTCATGATTAG,MAGEB3
MAGEB3-5,GTGAGAAACGCCAGCAGACC,MAGEB3
MAGEB3-8,TGTAGTCAGGAACAGCAGGC,MAGEB3
MRGPRD-4,CAGCTCGTGGACCTTGTCAG,MRGPRD
NLRP5-1,ATCCTCCTCCTCAGCGAATT,NLRP5
NLRP5-10,TAAGAGGCTGTCGACGCACG,NLRP5
NLRP5-4,CCTGAAGCGCTTCTGCCGTA,NLRP5
NLRP5-5,CCTGTGAGCGTTTGGTTGAA,NLRP5
NLRP5-6,CGCCTTGTACTACGTGTTAG,NLRP5
NLRP5-7,CGGGACATGATCTCCGTCAC,NLRP5
NLRP5-8,GCAGAACCACCGTGCGAGGC,NLRP5
NPHS2-7,GGTACCAAATCCTCCGGCTT,NPHS2
NPHS2-8,GTACCAAATCCTCCGGCTTA,NPHS2
NPSR1-1,ACCACTCGGCAAACCAGGTC,NPSR1
NPSR1-2,AGGGCAGCTTCGATTCCAGT,NPSR1
NPSR1-3,CACAACGGAGTTTCCAACAA,NPSR1
NPSR1-4,CCTGCAAATAGCGGACCACT,NPSR1
NPSR1-6,GAGGGCAGCTTCGATTCCAG,NPSR1
NPSR1-8,GGCTCCAGGCGATCACAATG,NPSR1
NPSR1-9,TACCCCATGAAGTTCCTTCA,NPSR1
NUP133-4,CCACGCCCCGGACGGCTAGC,NUP133
NUP133-9,TACTGATGTTTGAACTCGTC,NUP133
OC90-10,TGCTAAGTTTGGCGGGGTCT,OC90
OLIG2-1,AGAAAAAGGTCATCGGGCTC,OLIG2
OLIG2-10,TGGAAAGCTTGCGCACCGAA,OLIG2
OLIG2-3,CATCGGGCTCTGGCGACGAC,OLIG2
OLIG2-4,CGCCGACGACGTAGACGACG,OLIG2
OLIG2-7,GAGGTCATGCCGTACGCACA,OLIG2
OLIG2-8,GTGCGTACGGCATGACCTCG,OLIG2
OR12D2-3,CACTCCCAAGAGGAGAAATT,OR12D2
OR12D2-4,CCAGATGGCCATCACAATCT,OR12D2
OR12D2-5,CCAGGTAGGACAGGTTTCCC,OR12D2
OR12D2-8,CCTGGGAAACCTGTCCTACC,OR12D2
OR12D2-9,GCTTCATTTCTTCCACTCCC,OR12D2
OR52E8-1,ACAAGAGAGCAGTGTTTCCC,OR52E8
OR52E8-10,TCCTGCCATATAAAGCTGCT,OR52E8
OR52E8-2,AGCCACCATCCCCAAAATGT,OR52E8
OR52E8-3,AGGAATATTATAATCGTCGC,OR52E8
OR52E8-4,ATGTTGGATTCCATTGACCT,OR52E8
OR52E8-5,CAACCATGTACAGGCTCCTC,OR52E8
OR52E8-6,GCCCAGCAGCTTTATATGGC,OR52E8
OR52E8-7,GCCTCCAAAAGATATTTCTT,OR52E8
OR52E8-8,GTGTGCCCAGCAGCTTTATA,OR52E8
OR52E8-9,TATGGAGAGCATTGTGTTGG,OR52E8
OR9Q2-10,TGTGGAGCCGACGATCGCCA,OR9Q2
OR9Q2-5,GCGGGCCTTCTCGGTTATGA,OR9Q2
OTUD6A-4,CCTGGCCGGCTTCAAGCGCG,OTUD6A
OTUD6A-7,GCTCCTGCCTCTCGCGTTGG,OTUD6A
PIWIL3-7,GCGTAGGCAATCTGGCGACG,PIWIL3
PLA2G2E-2,ACGCCCACGACTGCTGCTAC,PLA2G2E
PLA2G2E-3,ACGCCCGTAGCAGCAGTCGT,PLA2G2E
PLA2G2E-4,AGCCATAGTCGTTGTACTGC,PLA2G2E
PLA2G2E-7,CGACTGCTGCTACGGGCGTC,PLA2G2E
PLA2G2E-8,GACGCCCGTAGCAGCAGTCG,PLA2G2E
POLR2A-6,GCCTAGAGTTGTATGCGGAA,POLR2A
POU4F2-2,CAGGCGTTTAGCATGCCGCA,POU4F2
POU4F2-3,CATCTCGCACCCTTCCGCGT,POU4F2
POU4F2-4,GCGTGCCCGCCAACGCGGAA,POU4F2
POU4F2-5,GCGTTTAGCATGCCGCACGG,POU4F2
POU4F2-6,GGCGGCCGACGTGCACGGGA,POU4F2
POU4F2-7,GTAGGTGGCGTCCGGTTTGA,POU4F2
POU4F2-8,TCGCACCCTTCCGCGTTGGC,POU4F2
PSMB2-7,CAAGAACATAGTCGGGGCCT,PSMB2
PSMB3-4,CACCGCAATCATGGTGAGAT,PSMB3
PSMC2-6,CCATGTCAACTGACCTCGGA,PSMC2
PSMD1-15,TCGGCAGTTTGCAGCCTTAG,PSMD1
RNASE9-2,AGACGTGTCCTTATTGAACC,RNASE9
RNASE9-6,CTGCTGCGGCAATAGAAGCA,RNASE9
RPL27-4,CTCCTTGCTCTCTGCAGAAA,RPL27
RPL27-6,GCCCATTTCTGCAGAGAGCA,RPL27
RPL30-6,GGCCGTCCCGCTCCTAAGGC,RPL30
RPL36-8,CCGCACTCACCCCGCGGCGT,RPL36
RPS24-1,AGCATTGGGAAGAATTTCCC,RPS24
RPS24-9,GCAGATGACTGCACGGGCCC,RPS24
RPS7-5,GCTGTGCCTTCAGTTCTCCC,RPS7
RPS9-1,CAACGCCCTGCTGCGGCGGC,RPS9
RPS9-5,CTCTCCCGCGCAGGCGCAGA,RPS9
RPS9-9,TCTCCCGCGCAGGCGCAGAC,RPS9
RPTN-1,ATTTGTCTGGTTAAAGTGAG,RPTN
RPTN-6,GAGTTCCCACTACGGTCAGA,RPTN
RPTN-8,TATGTCCCTGCCATTTAGCC,RPTN
RXFP2-1,AAAAGCTCGGGGTAAGCACT,RXFP2
RXFP2-3,AATTTCACAGCGCTTGTTTA,RXFP2
RXFP2-4,ACATAAGAGGATTGGATGAC,RXFP2
RXFP2-5,AGTGGATGGGCGACCATATT,RXFP2
RXFP2-8,CGCTGTGAAATTCTGGTTAT,RXFP2
RXFP2-9,GCATGGAAATGCTAACAGCG,RXFP2
SAGE1-1,ACAGTTGACAAGGCGTTACT,SAGE1
SAGE1-10,TGTTGTTGACTCTTCGACCA,SAGE1
SAGE1-2,AGACTTTGTCAGTTCGAGAT,SAGE1
SAGE1-4,CAGCTGACAAGACGTTATCA,SAGE1
SAGE1-5,CCCTGGTAGAACAGTTGACA,SAGE1
SAGE1-6,CCTGATAACGTCTTGTCAAC,SAGE1
SAGE1-8,GTCTTGTCAACTGGTCCCAC,SAGE1
SPATA16-5,GGTCTACTATTTCAGCAGCT,SPATA16
SPATA16-6,GTTAGGTGGGTGCGCTAAGG,SPATA16
SPATA16-7,GTTGGTCTACATTGATGAAA,SPATA16
SPATA16-8,TAGAGTCCTTCATGTCTACT,SPATA16
SPATA16-9,TGCTGAAGATATAGCAAGCG,SPATA16
TAAR1-2,CACAGCATAGTAGCGGTCAA,TAAR1
TAAR1-5,GGCTGAGCTCAGCATAATGT,TAAR1
TAAR1-6,TAAACTGATTGACAGCCCTC,TAAR1
TAAR1-7,TATCAGATTGCCAACGAGTG,TAAR1
TAAR1-8,TCTGGTCATGCCTTACAGTA,TAAR1
TAAR1-9,TGCTTCCCTGTACAGTTTAA,TAAR1
TAAR8-1,AACAGGTTGGGAAAAATTGC,TAAR8
TAAR8-10,TGTACACGGCGTTTAGCTTT,TAAR8
TAAR8-2,ACCCGGGACCCAGGAGAATA,TAAR8
TAAR8-5,CAAGTTCACCGTGTCTGTGT,TAAR8
TAAR8-7,CTGTACACGGCGTTTAGCTT,TAAR8
TAAR8-9,TACCCGGGACCCAGGAGAAT,TAAR8
TAS2R13-10,TGGAGATTGCCAAGATAATG,TAS2R13
TAS2R13-2,AATGAGGAGTTTATCGACTG,TAS2R13
TAS2R13-7,GATGATACTGCTAGGAACCT,TAS2R13
TAS2R13-8,TATCTAGCCATATTTGTGTC,TAS2R13
TAS2R13-9,TCTCCAGAATTGGGCTGATC,TAS2R13
TAS2R9-1,ACGCTATTGCCATATGTACC,TAS2R9
TAS2R9-10,TTGCCAATAATTCAAGTCTC,TAS2R9
TAS2R9-3,GAAAAATGGGTGCGATATAT,TAS2R9
TAS2R9-4,GAATTGACCATAGGGATTTG,TAS2R9
TAS2R9-5,GGTCATGCTTGCGATTCTTC,TAS2R9
TAS2R9-6,GTCATGCTTGCGATTCTTCT,TAS2R9
TAS2R9-7,GTGAATTGACCATAGGGATT,TAS2R9
TAS2R9-9,TGGCATGCCAAGTGCAATAG,TAS2R9
TGM6-1,AATACGTGGACTCCTTCGGG,TGM6
TGM6-12,GGACTCCTTCGGGCGGACCC,TGM6
TGM6-13,TAGCGGCCAATGACAGCACT,TGM6
TGM6-2,ACAACCCCATCTACGTCACC,TGM6
TGM6-3,ACCAGCCCGCTGCACTGGCG,TGM6
TGM6-5,ACCGGGGCTTCGATCCAGGA,TGM6
TGM6-7,GAAGTTGGACACGACCCGTG,TGM6
TGM6-8,GACAAATACGTGGACTCCTT,TGM6
TPH2-2,AGAGATCTTCCGAGGGAACC,TPH2
TPH2-7,CGTGAAGCTGCTACCGAAAG,TPH2
TPH2-9,GAGATCTTCCGAGGGAACCA,TPH2
TRIM42-1,ACGCCCGTGCAGGTAGTTCT,TRIM42
TRIM42-10,TGCGCTTGTTGCGGCAGACC,TRIM42
TRIM42-4,CACAAAGACGTGGTCTTGCA,TRIM42
TRIM42-5,CAGTGCGAGCGGTCGCACAC,TRIM42
TRIM42-6,CGATGAGGCTAATGGTGTCG,TRIM42
TRIM42-9,TCATCGACGCCTGCTCCGAG,TRIM42
VN1R2-10,TTGGATACAAAGCAGGAGAC,VN1R2
VN1R2-2,ACACTATTCCAGGTAGTTGT,VN1R2
VN1R2-4,CAACTACCTGGAATAGTGTA,VN1R2
VN1R2-6,CCAGGTAGTTGTTGGAATCC,VN1R2
VN1R2-8,TATGCACACAGGGTAGGCAG,VN1R2
VN1R2-9,TGTATGCACACAGGGTAGGC,VN1R2
